{
    "a": {
        "x_min": -532.5,
        "x_max": 4057.5,
        "y_min": -2167.5,
        "y_max": 877.5,
        "t_min": 0.1600205621568964,
        "t_max": 64.99630514884896,
        "n_hits": 5094,
        "title": ""
    },
    "b": {
        "x_min": -382.5,
        "x_max": 4387.5,
        "y_min": -2002.5,
        "y_max": 757.5,
        "t_min": 65.00002153875798,
        "t_max": 225.30710753571975,
        "n_hits": 2351,
        "title": ""
    },
    "c": {
        "x_min": -502.5,
        "x_max": 217.5,
        "y_min": -82.5,
        "y_max": 472.5,
        "t_min": 1912.60612809625,
        "t_max": 2035.114096419452,
        "n_hits": 216,
        "title": ""
    },
    "d": {
        "x_min": -322.5,
        "x_max": 127.5,
        "y_min": -547.5,
        "y_max": -352.5,
        "t_min": 163611.49914968672,
        "t_max": 163682.7729109489,
        "n_hits": 106,
        "title": ""
    },
    "e": {
        "x_min": 787.5,
        "x_max": 1087.5,
        "y_min": -1867.5,
        "y_max": -1507.5,
        "t_min": 182971.1086567875,
        "t_max": 183024.335988763,
        "n_hits": 105,
        "title": ""
    },
    "f": {
        "x_min": -412.5,
        "x_max": 67.5,
        "y_min": 127.5,
        "y_max": 802.5,
        "t_min": 331449.32089151116,
        "t_max": 331516.0121049729,
        "n_hits": 165,
        "title": ""
    },
    "g": {
        "x_min": 67.5,
        "x_max": 487.5,
        "y_min": 472.5,
        "y_max": 967.5,
        "t_min": 360466.358136673,
        "t_max": 360533.6359553969,
        "n_hits": 107,
        "title": ""
    },
    "h": {
        "x_min": 37.5,
        "x_max": 577.5,
        "y_min": -367.5,
        "y_max": 217.5,
        "t_min": 526919.6061145946,
        "t_max": 526988.3233300432,
        "n_hits": 83,
        "title": ""
    },
    "i": {
        "x_min": -82.5,
        "x_max": 217.5,
        "y_min": -382.5,
        "y_max": 232.5,
        "t_min": 771247.3348307472,
        "t_max": 771308.625327,
        "n_hits": 106,
        "title": ""
    },
    "j": {
        "x_min": 1837.5,
        "x_max": 2227.5,
        "y_min": 337.5,
        "y_max": 787.5,
        "t_min": 975532.994021939,
        "t_max": 975604.0298207211,
        "n_hits": 110,
        "title": ""
    }
}